{
  "index": "/index.html",
  "assetGroups": [{
    "name": "GoShortify-AppShell",
    "installMode": "prefetch",
    "updateMode": "prefetch",
    "resources": {
      "files": [
        "/favicon.ico",
        "/index.html"
      ],
      "versionedFiles": [
        "/*.bundle.css",
        "/*.bundle.js",
        "/*.chunk.js"
      ],
      "urls": [
          "https://fonts.googleapis.com/css?family=Roboto:400,700",
          "https://fonts.gstatic.com/s/materialicons/v36/flUhRq6tzZclQEJ-Vdg-IuiaDsNcIhQ8tQ.woff2",
          "https://fonts.googleapis.com/icon?family=Material+Icons"
      ]
    }
  }, {
    "name": "assets",
    "installMode": "lazy",
    "updateMode": "prefetch",
    "resources": {
      "files": [
        "/assets/**"
      ]
    }
  }]
}